-- phpMyAdmin SQL Dump
-- version 5.1.0
-- https://www.phpmyadmin.net/
--
-- Host: 127.0.0.1
-- Generation Time: Apr 12, 2021 at 03:34 PM
-- Server version: 10.4.18-MariaDB
-- PHP Version: 7.3.27

SET SQL_MODE = "NO_AUTO_VALUE_ON_ZERO";
START TRANSACTION;
SET time_zone = "+00:00";


/*!40101 SET @OLD_CHARACTER_SET_CLIENT=@@CHARACTER_SET_CLIENT */;
/*!40101 SET @OLD_CHARACTER_SET_RESULTS=@@CHARACTER_SET_RESULTS */;
/*!40101 SET @OLD_COLLATION_CONNECTION=@@COLLATION_CONNECTION */;
/*!40101 SET NAMES utf8mb4 */;

--
-- Database: `blog`
--

-- --------------------------------------------------------

--
-- Table structure for table `categories`
--

CREATE TABLE `categories` (
  `id` int(11) NOT NULL,
  `name` varchar(255) COLLATE utf8_unicode_ci NOT NULL
) ENGINE=InnoDB DEFAULT CHARSET=utf8 COLLATE=utf8_unicode_ci;

--
-- Dumping data for table `categories`
--

INSERT INTO `categories` (`id`, `name`) VALUES
(1, 'World'),
(2, 'Travel'),
(18, 'Shopping'),
(19, 'Beach'),
(20, 'Volleyball');

-- --------------------------------------------------------

--
-- Table structure for table `comments`
--

CREATE TABLE `comments` (
  `id` int(11) NOT NULL,
  `post_id` int(11) DEFAULT NULL,
  `user_id` int(11) DEFAULT NULL,
  `content` text NOT NULL
) ENGINE=InnoDB DEFAULT CHARSET=utf8mb4;

--
-- Dumping data for table `comments`
--

INSERT INTO `comments` (`id`, `post_id`, `user_id`, `content`) VALUES
(29, 21, 21, 'the second post'),
(30, 21, 21, 'I am comment'),
(149, 21, 42, 'City of colors'),
(151, 21, 42, 'Beautiful, I love you'),
(154, 18, 42, 'Have you gone NewYork'),
(155, 19, 42, 'waiting me'),
(156, 19, 42, 'I want to go here with you'),
(157, 19, 42, 'Moden city'),
(158, 18, 42, 'Great city!'),
(159, 19, 42, 'Big city'),
(162, 18, 21, 'Comment by han vu '),
(164, 21, 21, 'CRUD comment function success         '),
(166, 19, 41, 'gia cat luong tien sinh            '),
(167, 22, 41, 'Gia Cat Luong comment            '),
(169, 24, 41, 'I want to visit here            '),
(170, 25, 41, 'Taiwan 2021            '),
(171, 26, 41, 'Beijing is the capital Chinese            '),
(172, 27, 41, 'Thailand is a neighbor Vietnam            '),
(173, 28, 41, 'I have worked at Jakarta            '),
(174, 29, 41, 'The country famous about model            '),
(175, 29, 41, 'comment at 10:35 pm'),
(176, 18, 41, 'gia cat luong at 4:44PM'),
(178, 48, 21, 'comment at 9:40 am, tonight have football club'),
(180, 18, 41, 'hom nay'),
(181, 18, 41, 'hothuongquangtri'),
(182, 60, 41, '06/04/2020 comment by Gia Cat Luong Tien Sinh'),
(184, 48, 41, 'gia cat luong  lieu viec nhu than'),
(185, 53, 41, 'Tao Thao rat thong minh'),
(190, 60, 21, 'hihhihi'),
(191, 53, 41, 'hovanco1111111111111111111111111');

-- --------------------------------------------------------

--
-- Table structure for table `posts`
--

CREATE TABLE `posts` (
  `id` int(11) NOT NULL,
  `title` text NOT NULL,
  `content` text NOT NULL,
  `image` text NOT NULL,
  `user_id` int(11) DEFAULT NULL,
  `category_id` int(255) NOT NULL,
  `created_at` timestamp NOT NULL DEFAULT current_timestamp() ON UPDATE current_timestamp(),
  `updated_at` timestamp NOT NULL DEFAULT current_timestamp() ON UPDATE current_timestamp()
) ENGINE=InnoDB DEFAULT CHARSET=utf8mb4;

--
-- Dumping data for table `posts`
--

INSERT INTO `posts` (`id`, `title`, `content`, `image`, `user_id`, `category_id`, `created_at`, `updated_at`) VALUES
(18, 'New York City Ison The Brink', '2021 offers New Yorkers an important opportunity to reimagine who represents us in city government, with the Mayor, Public Advocate, Comptroller, Borough Presidents and all 51 City Council seats up for election this June. With vaccines in motion and recovery within reach, New Yorkers have everything to gain by restoring common sense, problem solvers and bipartisan thinking to our city hall. Join us and help us rebuild New York City.', 'http://localhost:8080/blog/Fileupload/cedric-letsch-pWyX-tVYMXI-unsplash.jpg', 41, 1, '2021-04-02 01:06:14', '2021-04-02 01:06:14'),
(19, 'London Is The Best City In The World for 2021', 'Resonance’s Best Cities rankings quantify and benchmark the quality of place, reputation and competitive identity for the world’s principal cities with metropolitan populations of one million or more.\r\n\r\nResonance President & CEO Chris Fair said: “The World’s Best Cities rankings are composed of experiential factors that people consider most important in choosing a city to live and visit, as well as empirical factors that business decision-makers consider important for business or investment”.', 'http://localhost:8080/blog/Fileupload/post4.jpg', 21, 2, '2021-04-02 01:06:21', '2021-04-02 01:06:21'),
(21, 'One Young World Announces Tokyo as 2021 Host City', 'One Young World is the global forum for young leaders. It identifies, promotes and connects the world’s most impactful young leaders – from every country and sector – to create a better world, with more responsible, more effective leadership. The 2021 Summit promises to be the largest gathering of the One Young World community in its 12-year history, with more than 2,000 young leaders from over 190 countries due to attend. Tokyo will be the second Asian city to have hosted the One Young World Summit, after Bangkok in 2015. ', 'http://localhost:8080/blog/Fileupload/post6.jpg', 21, 1, '2021-04-02 01:06:24', '2021-04-02 01:06:24'),
(22, 'Vẻ đẹp của ruộng bậc thang Sapa', 'Có đôi khi, con người ta cứ mê mải những ánh đèn sáng rực ở thành phố, những nhộn nhịp, ồn ã của đô thị mà quên đi những nét giản dị, đơn sơ của quê hương như những thửa ruộng, cánh cò, những vách nhà, gian bếp. Và thỉnh thoảng, khi muốn sống chậm lại, người ta mới chợt nghĩ đến những nơi như thế và địa điểm du lịch Sa Pa là nơi mà nhiều người lựa chọn để tìm về một chốn bình yên trong tâm hồn.  Có cảnh sắc nơi đâu đẹp bằng Sa Pa, và nơi đâu có thể thấy được sự kỳ vĩ trong khung cảnh bình yên như ruộng bậc thang ở Sa Pa? Những người sành sỏi, các nhà nhiếp ảnh luôn chọn Sa Pa mùa lúa chín là thời gian lý tưởng để tới du lịch thành phố này. Vào mùa lúa chín, những bậc thang cứ từng lớp, từng lớp vàng ươm lên đến tận chân trời. Tạo hóa đã khéo léo ban tặng cho thiên nhiên Sa pa một cảnh quan mà không phải nơi đâu cũng có.', 'http://localhost:8080/blog/Fileupload/post1.jpg', 41, 2, '2021-04-02 01:06:28', '2021-04-02 01:06:28'),
(24, 'Thủ tướng trình Quốc hội miễn nhiệm 13 thành viên Chính phủ', 'Seoul (Hangul: 서울Về âm thanh nàynghe (trợ giúp·thông tin), phiên âm tiếng Việt: Xơ-un, Xo-un hoặc Xê-un, phiên âm Hán – Việt: Thủ Nhĩ, tên chính thức là Thành phố Đặc biệt Seoul (Hangul: 서울특별시), là thủ đô kiêm đô thị lớn nhất của Đại Hàn Dân Quốc, nằm bên dòng Sông Hán ở phía tây bắc Hàn Quốc, được xếp hạng là một thành phố toàn cầu hạng Alpha (α) và có GDP danh nghĩa đạt mức 433,5 tỷ USD[9] - tương đương với GDP của Argentina (thống kê năm 2019)[10]. Đây là một trong những thành phố có mức bình quân chi phí sinh hoạt đắt đỏ nhất tại châu Á nói riêng cũng như trên thế giới nói chung,[11] xếp thứ 3 trong khu vực châu Á (sau thủ đô Tokyo của Nhật Bản và Singapore), hạng 8 thế giới về chỉ số \'Thành phố quyền lực toàn cầu\' năm 2020 (Global Power City Index - GPCI).[12]', 'http://localhost:8080/blog/Fileupload/post9.jpg', 41, 2, '2021-04-07 06:56:00', '2021-04-07 06:56:00'),
(25, 'TaiwanHungary nới lỏng các biện pháp chống dịch COVID-19', 'Taiwan (traditional Chinese: 臺灣/台灣; simplified Chinese: 台湾; pinyin: Táiwān),[II] officially the Republic of China (ROC),[I][f] is a country in East Asia.[15][16] Neighbouring countries include the People\'s Republic of China (PRC) to the northwest, Japan to the northeast, and the Philippines to the south. The main island of Taiwan has an area of 35,808 square kilometres (13,826 sq mi), with mountain ranges dominating the eastern two-thirds and plains in the western third, where its highly urbanised population is concentrated. The capital is Taipei, which, along with New Taipei and Keelung, forms the largest metropolitan area of Taiwan. Other major cities include Kaohsiung, Taichung, Tainan and Taoyuan. With 23.57 million inhabitants, Taiwan is among the most densely populated countries.', 'http://localhost:8080/blog/Fileupload/post10.jpg', 41, 1, '2021-04-07 06:47:51', '2021-04-07 06:47:51'),
(26, 'Vì sao cuộc bầu cử ở Greenland khiến cả Mỹ và Trung Quốc quan tâm?', 'Beijing, China’s sprawling capital, has history stretching back 3 millennia. Yet it’s known as much for modern architecture as its ancient sites such as the grand Forbidden City complex, the imperial palace during the Ming and Qing dynasties. Nearby, the massive Tiananmen Square pedestrian plaza is the site of Mao Zedong’s mausoleum and the National Museum of China, displaying a vast collection of cultural relics.', 'http://localhost:8080/blog/Fileupload/post11.jpg', 41, 2, '2021-04-07 06:47:31', '2021-04-07 06:47:31'),
(27, 'Xuất hiện nhiều học sinh lớp 11 dự thi đánh giá năng lực', 'Bangkok, Thailand’s capital, is a large city known for ornate shrines and vibrant street life. The boat-filled Chao Phraya River feeds its network of canals, flowing past the Rattanakosin royal district, home to opulent Grand Palace and its sacred Wat Phra Kaew Temple. Nearby is Wat Pho Temple with an enormous reclining Buddha and, on the opposite shore, Wat Arun Temple with its steep steps and Khmer-style spire.', 'http://localhost:8080/blog/Fileupload/post12.jpg', 41, 1, '2021-04-07 06:47:09', '2021-04-07 06:47:09'),
(28, 'Phối hợp khắc phục hậu quả chất độc hóa học bằng tinh thần trách nhiệm cao nhất', 'Jakarta, Indonesia\'s massive capital, sits on the northwest coast of the island of Java. A historic mix of cultures – Javanese, Malay, Chinese, Arab, Indian and European – has influenced its architecture, language and cuisine. The old town, Kota Tua, is home to Dutch colonial buildings, Glodok (Jakarta’s Chinatown) and the old port of Sunda Kelapa, where traditional wooden schooners dock.', 'http://localhost:8080/blog/Fileupload/post15.jpg', 41, 2, '2021-04-07 06:46:47', '2021-04-07 06:46:47'),
(29, 'Bắt giám đốc công ty liên quan đường dây buôn lậu xăng dầu giả', 'Manila, the capital of the Philippines, is a densely populated bayside city on the island of Luzon, which mixes Spanish colonial architecture with modern skyscrapers. Intramuros, a walled city in colonial times, is the heart of Old Manila. It’s home to the baroque 16th-century San Agustin Church as well as Fort Santiago, a storied citadel and former military prison. ', 'http://localhost:8080/blog/Fileupload/post16.jpg', 41, 1, '2021-04-07 06:46:08', '2021-04-07 06:46:08'),
(44, 'Hải Dương giải thể bệnh viện dã chiến cuối cùng', 'Dubai is a city and emirate in the United Arab Emirates known for luxury shopping, ultramodern architecture and a lively nightlife scene. Burj Khalifa, an 830m-tall tower, dominates the skyscraper-filled skyline. At its foot lies Dubai Fountain, with jets and lights choreographed to music. On artificial islands just offshore is Atlantis, The Palm, a resort with water and marine-animal parks.', 'http://localhost:8080/blog/Fileupload/post17.jpg', 41, 2, '2021-04-07 06:45:31', '2021-04-07 06:45:31'),
(48, 'TaiwanIran từ chối \'thỏa thuận 1 tỷ USD\' để ngừng làm giàu uranium', 'Có đôi khi, con người ta cứ mê mải những ánh đèn sáng rực ở thành phố, những nhộn nhịp, ồn ã của đô thị mà quên đi những nét giản dị, đơn sơ của quê hương như những thửa ruộng, cánh cò, những vách nhà, gian bếp. Và thỉnh thoảng, khi muốn sống chậm lại, người ta mới chợt nghĩ đến những nơi như thế và địa điểm du lịch Sa Pa là nơi mà nhiều người lựa chọn để tìm về một chốn bình yên trong tâm hồn.  Có cảnh sắc nơi đâu đẹp bằng Sa Pa, và nơi đâu có thể thấy được sự kỳ vĩ trong khung cảnh bình yên như ruộng bậc thang ở Sa Pa? Những người sành sỏi, các nhà nhiếp ảnh luôn chọn Sa Pa mùa lúa chín là thời gian lý tưởng để tới du lịch thành phố này. Vào mùa lúa chín, những bậc thang cứ từng lớp, từng lớp vàng ươm lên đến tận chân trời. Tạo hóa đã khéo léo ban tặng cho thiên nhiên Sa pa một cảnh quan mà không phải nơi đâu cũng có.', 'http://localhost:8080/blog/Fileupload/berlin..jpg', 41, 2, '2021-04-07 04:38:01', '2021-04-07 04:38:01'),
(49, 'QH xem xét miễn nhiệm thành viên Hội đồng Quốc phòng An', 'Dubai is a city and emirate in the United Arab Emirates known for luxury shopping, ultramodern architecture and a lively nightlife scene. Burj Khalifa, an 830m-tall tower, dominates the skyscraper-filled skyline. At its foot lies Dubai Fountain, with jets and lights choreographed to music. On artificial islands just offshore is Atlantis, The Palm, a resort with water and marine-animal parks.', 'http://localhost:8080/blog/Fileupload/post12.jpg', 41, 1, '2021-04-07 04:37:34', '2021-04-07 04:37:34'),
(50, 'Đất đai của Bill Gates đã gần bằng Hong Kong', 'Berlin, Germany’s capital, dates to the 13th century. Reminders of the city\'s turbulent 20th-century history include its Holocaust memorial and the Berlin Wall\'s graffitied remains. Divided during the Cold War, its 18th-century Brandenburg Gate has become a symbol of reunification. The city\'s also known for its art scene and modern landmarks like the gold-colored, swoop-roofed Berliner Philharmonie, built in 1963.', 'http://localhost:8080/blog/Fileupload/post18.jpg', 41, 2, '2021-04-07 04:36:31', '2021-04-07 04:36:31'),
(53, 'Chân dung \'nữ quái\' cầm đầu đường dây ma túy cực lớn', 'Có đôi khi, con người ta cứ mê mải những ánh đèn sáng rực ở thành phố, những nhộn nhịp, ồn ã của đô thị mà quên đi những nét giản dị, đơn sơ của quê hương như những thửa ruộng, cánh cò, những vách nhà, gian bếp. Và thỉnh thoảng, khi muốn sống chậm lại, người ta mới chợt nghĩ đến những nơi như thế và địa điểm du lịch Sa Pa là nơi mà nhiều người lựa chọn để tìm về một chốn bình yên trong tâm hồn.  Có cảnh sắc nơi đâu đẹp bằng Sa Pa, và nơi đâu có thể thấy được sự kỳ vĩ trong khung cảnh bình yên như ruộng bậc thang ở Sa Pa? Những người sành sỏi, các nhà nhiếp ảnh luôn chọn Sa Pa mùa lúa chín là thời gian lý tưởng để tới du lịch thành phố này. Vào mùa lúa chín, những bậc thang cứ từng lớp, từng lớp vàng ươm lên đến tận chân trời. Tạo hóa đã khéo léo ban tặng cho thiên nhiên Sa pa một cảnh quan mà không phải nơi đâu cũng có.', 'http://localhost:8080/blog/Fileupload/shopping12.jpg', 41, 18, '2021-04-07 10:05:28', '2021-04-07 10:05:28'),
(56, 'Is a Trip to Halong Chốt lời hay đổ thêm tiền mua vào khi chứng khoán lên đỉnh?', 'ays Nikki Scott of South East Asia Backpacker, “It\'s no wonder that Halong Bay is a magnet for tourists from all over the world. However, some things are popular for a reason, and Halong Bay is definitely one of them. No one can deny the unique beauty of the bay, and depending on which cruise you choose, it is possible to have a relaxing and memorable experience that isn\'t ruined by a bucket-load of tourists.  While I am often in favor of independent travel over organized tours, Halong Bay is one of those places that cannot be experienced without booking some kind of group tour. (Unless you have your own sailboat, that is!) It\'s important to know that the tour you choose will greatly affect the type of experience that you have – so choose wisely. If you don\'t want to end up singing karaoke at 4am on a boat decked out with neon lights and a disco ball, then be sure to do your research!“', 'http://localhost:8080/blog/Fileupload/post20.jpg', 41, 19, '2021-04-07 04:36:54', '2021-04-07 04:36:54'),
(57, 'Phát ngôn ấn tượng của Tổng bí thư sau khi tái đắc cử', 'Có đôi khi, con người ta cứ mê mải những ánh đèn sáng rực ở thành phố, những nhộn nhịp, ồn ã của đô thị mà quên đi những nét giản dị, đơn sơ của quê hương như những thửa ruộng, cánh cò, những vách nhà, gian bếp. Và thỉnh thoảng, khi muốn sống chậm lại, người ta mới chợt nghĩ đến những nơi như thế và địa điểm du lịch Sa Pa là nơi mà nhiều người lựa chọn để tìm về một chốn bình yên trong tâm hồn.  Có cảnh sắc nơi đâu đẹp bằng Sa Pa, và nơi đâu có thể thấy được sự kỳ vĩ trong khung cảnh bình yên như ruộng bậc thang ở Sa Pa? Những người sành sỏi, các nhà nhiếp ảnh luôn chọn Sa Pa mùa lúa chín là thời gian lý tưởng để tới du lịch thành phố này. Vào mùa lúa chín, những bậc thang cứ từng lớp, từng lớp vàng ươm lên đến tận chân trời. Tạo hóa đã khéo léo ban tặng cho thiên nhiên Sa pa một cảnh quan mà không phải nơi đâu cũng có.', 'http://localhost:8080/blog/Fileupload/nhatrang.jpg', 41, 20, '2021-04-07 04:35:44', '2021-04-07 04:35:44'),
(60, 'Chuyên gia: Văn hóa doanh nghiệp mới là gốc của chuyển', 'Có đôi khi, con người ta cứ mê mải những ánh đèn sáng rực ở thành phố, những nhộn nhịp, ồn ã của đô thị mà quên đi những nét giản dị, đơn sơ của quê hương như những thửa ruộng, cánh cò, những vách nhà, gian bếp. Và thỉnh thoảng, khi muốn sống chậm lại, người ta mới chợt nghĩ đến những nơi như thế và địa điểm du lịch Sa Pa là nơi mà nhiều người lựa chọn để tìm về một chốn bình yên trong tâm hồn.  Có cảnh sắc nơi đâu đẹp bằng Sa Pa, và nơi đâu có thể thấy được sự kỳ vĩ trong khung cảnh bình yên như ruộng bậc thang ở Sa Pa? Những người sành sỏi, các nhà nhiếp ảnh luôn chọn Sa Pa mùa lúa chín là thời gian lý tưởng để tới du lịch thành phố này. Vào mùa lúa chín, những bậc thang cứ từng lớp, từng lớp vàng ươm lên đến tận chân trời. Tạo hóa đã khéo léo ban tặng cho thiên nhiên Sa pa một cảnh quan mà không phải nơi đâu cũng có.', 'http://localhost:8080/blog/Fileupload/post20.jpg', 41, 1, '2021-04-07 04:37:17', '2021-04-07 04:37:17'),
(61, '10 Best Online Shopping Sites I Wish I Knew Earlier', 'Nowadays, it seems like a lot of items (e.g. books, electronics, and office supplies) are bought online more than they are in stores, mostly due to the convenience of it all. There is one department, however, where traditional shopping is still king: clothing. Indeed, when people want to go to the mall, they’re usually going for one reason, and that’s to check out the sales at all of those trendy designer stores.  So here’s a question for you: why don’t more folks buy their clothes through online shopping? Is it because they need to try them on before they buy anything? Or is it because they are unaware of some of the cool sites out there that offer an amazing selection of popular clothes? It’s probably a mix of both.  So let’s get down to business. What are a few of the hip-and-happening clothing websites out there that you’re probably currently unaware of, and what makes them unique? Read on to find out…', 'http://localhost:8080/blog/Fileupload/shopping1.jpg', 41, 18, '2021-04-07 09:59:41', '2021-04-07 09:59:41'),
(62, '10 Best Online Shopping Sites I Wish I Knew Earlier', 'Nowadays, it seems like a lot of items (e.g. books, electronics, and office supplies) are bought online more than they are in stores, mostly due to the convenience of it all. There is one department, however, where traditional shopping is still king: clothing. Indeed, when people want to go to the mall, they’re usually going for one reason, and that’s to check out the sales at all of those trendy designer stores.  So here’s a question for you: why don’t more folks buy their clothes through online shopping? Is it because they need to try them on before they buy anything? Or is it because they are unaware of some of the cool sites out there that offer an amazing selection of popular clothes? It’s probably a mix of both.  So let’s get down to business. What are a few of the hip-and-happening clothing websites out there that you’re probably currently unaware of, and what makes them unique? Read on to find out…', 'http://localhost:8080/blog/Fileupload/shopping2.jpg', 41, 18, '2021-04-07 10:00:19', '2021-04-07 10:00:19'),
(63, 'Sendo: Thế giới SHOPPING, Chợ Online Mua Bán Giá Tốt ...', 'Nowadays, it seems like a lot of items (e.g. books, electronics, and office supplies) are bought online more than they are in stores, mostly due to the convenience of it all. There is one department, however, where traditional shopping is still king: clothing. Indeed, when people want to go to the mall, they’re usually going for one reason, and that’s to check out the sales at all of those trendy designer stores.  So here’s a question for you: why don’t more folks buy their clothes through online shopping? Is it because they need to try them on before they buy anything? Or is it because they are unaware of some of the cool sites out there that offer an amazing selection of popular clothes? It’s probably a mix of both.  So let’s get down to business. What are a few of the hip-and-happening clothing websites out there that you’re probably currently unaware of, and what makes them unique? Read on to find out…', 'http://localhost:8080/blog/Fileupload/shopping4.jpg', 41, 18, '2021-04-07 10:01:23', '2021-04-07 10:01:23'),
(64, 'Nowadays, it seems like a lot of items (e.g. books, electronics, and office supplies) are', 'Nowadays, it seems like a lot of items (e.g. books, electronics, and office supplies) are bought online more than they are in stores, mostly due to the convenience of it all. There is one department, however, where traditional shopping is still king: clothing. Indeed, when people want to go to the mall, they’re usually going for one reason, and that’s to check out the sales at all of those trendy designer stores.  So here’s a question for you: why don’t more folks buy their clothes through online shopping? Is it because they need to try them on before they buy anything? Or is it because they are unaware of some of the cool sites out there that offer an amazing selection of popular clothes? It’s probably a mix of both.  So let’s get down to business. What are a few of the hip-and-happening clothing websites out there that you’re probably currently unaware of, and what makes them unique? Read on to find out…', 'http://localhost:8080/blog/Fileupload/shopping5.jpg', 41, 18, '2021-04-07 10:02:03', '2021-04-07 10:02:03'),
(65, 'So here’s a question for you: why don’t more folks buy their clothes through online shopping?', 'Nowadays, it seems like a lot of items (e.g. books, electronics, and office supplies) are bought online more than they are in stores, mostly due to the convenience of it all. There is one department, however, where traditional shopping is still king: clothing. Indeed, when people want to go to the mall, they’re usually going for one reason, and that’s to check out the sales at all of those trendy designer stores.  So here’s a question for you: why don’t more folks buy their clothes through online shopping? Is it because they need to try them on before they buy anything? Or is it because they are unaware of some of the cool sites out there that offer an amazing selection of popular clothes? It’s probably a mix of both.', 'http://localhost:8080/blog/Fileupload/shopping6.jpg', 41, 18, '2021-04-07 10:02:45', '2021-04-07 10:02:45'),
(66, 'office supplies) are bought online more than they are in stores, mostly ', 'So here’s a question for you: why don’t more folks buy their clothes through online shopping? Is it because they need to try them on before they buy anything? Or is it because they are unaware of some of the cool sites out there that offer an amazing selection of popular clothes? It’s probably a mix of both.  So let’s get down to business. What are a few of the hip-and-happening clothing websites out there that you’re probably currently unaware of, and what makes them unique? Read on to find out…', 'http://localhost:8080/blog/Fileupload/shopping7.jpg', 41, 18, '2021-04-07 10:03:18', '2021-04-07 10:03:18'),
(67, 'Or is it because they are unaware of some of the cool sites out there that offer an amazing selection of popular', 'Nowadays, it seems like a lot of items (e.g. books, electronics, and office supplies) a So let’s get down to business. What are a few of the hip-and-happening clothing websites out there that you’re probably currently unaware of, and what makes them unique? Read on to find out…re bought online more than they are in stores, mostly due to the convenience of it all. There is one department, however, where traditional shopping is still king: clothing. Indeed, when people want to go to the mall, they’re usually going for one reason, and that’s to check out the sales at all of those trendy designer stores.', 'http://localhost:8080/blog/Fileupload/shopping9.jpg', 41, 18, '2021-04-07 10:04:14', '2021-04-07 10:04:14'),
(68, 'So here’s a question for you: why don’t more folks buy their clothes through online shopping?', 'Nowadays, it seems like a lot of items (e.g. books, electronics, and office supplies) are bought online more than they are in stores, mostly due to the convenience of it all. There is one department, however, where traditional shopping is still king: clothing. Indeed, when people want to go to the mall, they’re usually going for one reason, and that’s to check out the sales at all of those trendy designer stores.', 'http://localhost:8080/blog/Fileupload/shopping11.jpg', 41, 18, '2021-04-07 10:04:50', '2021-04-07 10:04:50'),
(69, 'The 10 Most Beautiful Beach Destinations In Vietnam', 'Boasting some 2,000 miles of coastline plus a handful of renowned island destinations, Vietnam naturally has no shortage of beautiful beaches. Sure, you could just stick to cities, what with the colonial architecture and history of Hanoi, the imperial charms of Hue, and the bustling nightlife of Saigon. But you\'d be remiss to plan a Vietnamese vacation without hitting the water at least once—plus, most cities are just a day-trip from the coast, if not on the coast already.', 'http://localhost:8080/blog/Fileupload/beach2.jpg', 41, 19, '2021-04-07 10:11:06', '2021-04-07 10:11:06'),
(70, 'The 10 Most Beautiful Beach Destinations In Vietnam', 'Boasting some 2,000 miles of coastline plus a handful of renowned island destinations, Vietnam naturally has no shortage of beautiful beaches. Sure, you could just stick to cities, what with the colonial architecture and history of Hanoi, the imperial charms of Hue, and the bustling nightlife of Saigon. But you\'d be remiss to plan a Vietnamese vacation without hitting the water at least once—plus, most cities are just a day-trip from the coast, if not on the coast already.', 'http://localhost:8080/blog/Fileupload/beah3.jpg', 41, 19, '2021-04-07 10:17:30', '2021-04-07 10:17:30'),
(71, 'The 10 Most Beautiful Beach Destinations In Vietnam', 'Though typically spoken of as one island, Con Dao is actually an archipelago of 16 islands on the southern coast of Vietnam. Once the site of brutal French prisons, Con Dao is now known for its coral reefs, diverse marine life, and soft sandy beaches. On the main island, Con Son, you\'ll find local home stays, budget hotels, and a few high-end resorts, most notably the Six Senses Con Dao, which offers access to the beautiful Dat Doc Beach. North of Con Son town (and bordered by no hotels) lays the tranquil Lo Voi Beach. And beyond the main island, nature lovers head to the beaches of the nearby Bay Canh island to witness the annual releasing of baby sea turtles.', 'http://localhost:8080/blog/Fileupload/beach5.jpg', 41, 19, '2021-04-07 10:12:26', '2021-04-07 10:12:26'),
(72, 'The 10 Most Beautiful Beach Destinations In Vietnam', 'Boasting some 2,000 miles of coastline plus a handful of renowned island destinations, Vietnam naturally has no shortage of beautiful beaches. Sure, you could just stick to cities, what with the colonial architecture and history of Hanoi, the imperial charms of Hue, and the bustling nightlife of Saigon. But you\'d be remiss to plan a Vietnamese vacation without hitting the water at least once—plus, most cities are just a day-trip from the coast, if not on the coast already.', 'http://localhost:8080/blog/Fileupload/beach6.jpg', 41, 19, '2021-04-07 10:12:56', '2021-04-07 10:12:56'),
(73, 'The 10 Most Beautiful Beach Destinations In Vietnam', 'This south-central city long boasted some of the world\'s most beautiful beaches, though tourism and development have made quite a dent in its landscape in recent years. Still, there remain a number of pristine, well-kept beaches and islands that are worth a visit if you find yourself in the area.At the city\'s main beach, called Nha Trang Beach or City Beach, you\'ll find that iconic view of the bay, along with a decently-sized crowd during peak hours. For more secluded options, check out the beaches on the nearby cluster of islands, including Hon Lon and Hon Tre, which is home to the gaudy but popular resort Vinpearl.', 'http://localhost:8080/blog/Fileupload/beach7.jpg', 41, 19, '2021-04-07 10:13:38', '2021-04-07 10:13:38'),
(74, 'The 10 Most Beautiful Beach Destinations In Vietnam', 'Boasting some 2,000 miles of coastline plus a handful of renowned island destinations, Vietnam naturally has no shortage of beautiful beaches. Sure, you could just stick to cities, what with the colonial architecture and history of Hanoi, the imperial charms of Hue, and the bustling nightlife of Saigon. But you\'d be remiss to plan a Vietnamese vacation without hitting the water at least once—plus, most cities are just a day-trip from the coast, if not on the coast already.', 'http://localhost:8080/blog/Fileupload/beach8.jpg', 41, 19, '2021-04-07 10:14:05', '2021-04-07 10:14:05'),
(75, 'The 10 Most Beautiful Beach Destinations In Vietnam', 'Boasting some 2,000 miles of coastline plus a handful of renowned island destinations, Vietnam naturally has no shortage of beautiful beaches. Sure, you could just stick to cities, what with the colonial architecture and history of Hanoi, the imperial charms of Hue, and the bustling nightlife of Saigon. But you\'d be remiss to plan a Vietnamese vacation without hitting the water at least once—plus, most cities are just a day-trip from the coast, if not on the coast already.', 'http://localhost:8080/blog/Fileupload/beach10.jpg', 41, 19, '2021-04-07 10:18:30', '2021-04-07 10:18:30'),
(76, 'The 10 Most Beautiful Beach Destinations In Vietnam', 'Boasting some 2,000 miles of coastline plus a handful of renowned island destinations, Vietnam naturally has no shortage of beautiful beaches. Sure, you could just stick to cities, what with the colonial architecture and history of Hanoi, the imperial charms of Hue, and the bustling nightlife of Saigon. But you\'d be remiss to plan a Vietnamese vacation without hitting the water at least once—plus, most cities are just a day-trip from the coast, if not on the coast already.', 'http://localhost:8080/blog/Fileupload/beach9.jpg', 41, 19, '2021-04-07 10:15:00', '2021-04-07 10:15:00'),
(77, 'The 10 Most Beautiful Beach Destinations In Vietnam', 'Boasting some 2,000 miles of coastline plus a handful of renowned island destinations, Vietnam naturally has no shortage of beautiful beaches. Sure, you could just stick to cities, what with the colonial architecture and history of Hanoi, the imperial charms of Hue, and the bustling nightlife of Saigon. But you\'d be remiss to plan a Vietnamese vacation without hitting the water at least once—plus, most cities are just a day-trip from the coast, if not on the coast already.', 'http://localhost:8080/blog/Fileupload/bearch1.jpg', 41, 19, '2021-04-07 10:18:02', '2021-04-07 10:18:02'),
(78, 'OVC Releases 2020-21 Women’s Volleyball Conference Schedule', 'The Ohio Valley Conference has announced its regular season volleyball schedule for the 2020-21 season, which was postponed from the fall to the spring due to the uncertainty surrounding the COVID-19 pandemic.   The spring schedule will feature a 16-game conference only schedule which will be played over an eight-week period.   Games will be contested primarily on Sundays and Mondays with each school playing its travel partner twice, usually on a Tuesday or Wednesday.   The first conference matchup is scheduled to take place on either Tuesday/Wednesday, February 2/3 and will conclude games on Monday, March 29.   Details on the OVC Tournament will be announced at a later date.   The NCAA will announce the selections for a revised 48-team bracket on Sunday, April 4. This year’s field will include 32 automatic qualifiers and 16 at-large bids. The finals are scheduled for April 23-25', 'http://localhost:8080/blog/Fileupload/voleyball2.jpg', 41, 20, '2021-04-07 10:30:03', '2021-04-07 10:30:03'),
(79, 'OVC Releases 2020-21 Women’s Volleyball Conference Schedule', 'The Ohio Valley Conference has announced its regular season volleyball schedule for the 2020-21 season, which was postponed from the fall to the spring due to the uncertainty surrounding the COVID-19 pandemic.   The spring schedule will feature a 16-game conference only schedule which will be played over an eight-week period.   Games will be contested primarily on Sundays and Mondays with each school playing its travel partner twice, usually on a Tuesday or Wednesday.   The first conference matchup is scheduled to take place on either Tuesday/Wednesday, February 2/3 and will conclude games on Monday, March 29.   Details on the OVC Tournament will be announced at a later date.   The NCAA will announce the selections for a revised 48-team bracket on Sunday, April 4. This year’s field will include 32 automatic qualifiers and 16 at-large bids. The finals are scheduled for April 23-25', 'http://localhost:8080/blog/Fileupload/volleyball1.jpg', 41, 20, '2021-04-07 10:30:36', '2021-04-07 10:30:36'),
(80, 'OVC Releases 2020-21 Women’s Volleyball Conference Schedule', 'The Ohio Valley Conference has announced its regular season volleyball schedule for the 2020-21 season, which was postponed from the fall to the spring due to the uncertainty surrounding the COVID-19 pandemic.   The spring schedule will feature a 16-game conference only schedule which will be played over an eight-week period.   Games will be contested primarily on Sundays and Mondays with each school playing its travel partner twice, usually on a Tuesday or Wednesday.   The first conference matchup is scheduled to take place on either Tuesday/Wednesday, February 2/3 and will conclude games on Monday, March 29.   Details on the OVC Tournament will be announced at a later date.', 'http://localhost:8080/blog/Fileupload/volleyball3.jpg', 41, 20, '2021-04-07 10:31:11', '2021-04-07 10:31:11'),
(81, 'OVC Releases 2020-21 Women’s Volleyball Conference Schedule', 'The NCAA will announce the selections for a revised 48-team bracket on Sunday, April 4. This year’s field will include 32 automatic qualifiers and 16 at-large bids. The finals are scheduled for April 23-25   “I want to thank the Directors of Athletics for their thorough and thoughtful approach in developing plans to move the OVC’s fall sports seasons to the winter and spring of 2021,” said OVC Commissioner Beth DeBauche. “I also want to express my gratitude to the Board of Presidents for their leadership as the Conference looks forward to reinstating athletic competition this academic year.  “I am delighted that we are able to provide our fall sports student-athletes with a plan for competition that sets forth a complete conference schedule,” added DeBauche. “As a conference, we remain committed to providing our student-athletes with an exemplary competitive experience this year and keeping their interests at the forefront of our planning efforts.”   Team will play in accordance with local regulations, NCAA medical guidelines and supporting OVC standards.', 'http://localhost:8080/blog/Fileupload/volleyball4.jpg', 41, 20, '2021-04-07 10:31:38', '2021-04-07 10:31:38'),
(82, 'OVC Releases 2020-21 Women’s Volleyball Conference Schedule', 'The Ohio Valley Conference has announced its regular season volleyball schedule for the 2020-21 season, which was postponed from the fall to the spring due to the uncertainty surrounding the COVID-19 pandemic.   The spring schedule will feature a 16-game conference only schedule which will be played over an eight-week period.   Games will be contested primarily on Sundays and Mondays with each school playing its travel partner twice, usually on a Tuesday or Wednesday.   The first conference matchup is scheduled to take place on either Tuesday/Wednesday, February 2/3 and will conclude games on Monday, March 29.   Details on the OVC Tournament will be announced at a later date.   The NCAA will announce the selections for a revised 48-team bracket on Sunday, April 4. This year’s field will include 32 automatic qualifiers and 16 at-large bids. The finals are scheduled for April 23-25   “I want to thank the Directors of Athletics for their thorough and thoughtful approach in developing plans to move the OVC’s fall sports seasons to the winter and spring of 2021,” said OVC Commissioner Beth DeBauche. “I also want to express my gratitude to the Board of Presidents for their leadership as the Conference looks forward to reinstating athletic competition this academic year.', 'http://localhost:8080/blog/Fileupload/volleyball5.jpg', 41, 20, '2021-04-07 10:32:11', '2021-04-07 10:32:11'),
(83, 'OVC Releases 2020-21 Women’s Volleyball Conference Schedule', 'The Ohio Valley Conference has announced its regular season volleyball schedule for the 2020-21 season, which was postponed from the fall to the spring due to the uncertainty surrounding the COVID-19 pandemic.   The spring schedule will feature a 16-game conference only schedule which will be played over an eight-week period.   Games will be contested primarily on Sundays and Mondays with each school playing its travel partner twice, usually on a Tuesday or Wednesday.   The first conference matchup is scheduled to take place on either Tuesday/Wednesday, February 2/3 and will conclude games on Monday, March 29.   Details on the OVC Tournament will be announced at a later date.   The NCAA will announce the selections for a revised 48-team bracket on Sunday, April 4. This year’s field will include 32 automatic qualifiers and 16 at-large bids. The finals are scheduled for April 23-25   “I want to thank the Directors of Athletics for their thorough and thoughtful approach in developing plans to move the OVC’s fall sports seasons to the winter and spring of 2021,” said OVC Commissioner Beth DeBauche. “I also want to express my gratitude to the Board of Presidents for their leadership as the Conference looks forward to reinstating athletic competition this academic year.', 'http://localhost:8080/blog/Fileupload/volleyball6.jpg', 41, 20, '2021-04-07 10:32:45', '2021-04-07 10:32:45'),
(84, 'OVC Releases 2020-21 Women’s Volleyball Conference Schedule', 'The Ohio Valley Conference has announced its regular season volleyball schedule for the 2020-21 season, which was postponed from the fall to the spring due to the uncertainty surrounding the COVID-19 pandemic.   The spring schedule will feature a 16-game conference only schedule which will be played over an eight-week period.   Games will be contested primarily on Sundays and Mondays with each school playing its travel partner twice, usually on a Tuesday or Wednesday.   The first conference matchup is scheduled to take place on either Tuesday/Wednesday, February 2/3 and will conclude games on Monday, March 29.   Details on the OVC Tournament will be announced at a later date.   The NCAA will announce the selections for a revised 48-team bracket on Sunday, April 4. This year’s field will include 32 automatic qualifiers and 16 at-large bids. The finals are scheduled for April 23-25   “I want to thank the Directors of Athletics for their thorough and thoughtful approach in developing plans to move the OVC’s fall sports seasons to the winter and spring of 2021,” said OVC Commissioner Beth DeBauche. “I also want to express my gratitude to the Board of Presidents for their leadership as the Conference looks forward to reinstating athletic competition this academic year.', 'http://localhost:8080/blog/Fileupload/volleyball7.jpg', 41, 20, '2021-04-07 10:33:17', '2021-04-07 10:33:17'),
(85, 'OVC Releases 2020-21 Women’s Volleyball Conference Schedule', 'Boasting some 2,000 miles of coastline plus a handful of renowned island destinations, Vietnam naturally has no shortage of beautiful beaches. Sure, you could just stick to cities, what with the colonial architecture and history of Hanoi, the imperial charms of Hue, and the bustling nightlife of Saigon. But you\'d be remiss to plan a Vietnamese vacation without hitting the water at least once—plus, most cities are just a day-trip from the coast, if not on the coast already.', 'http://localhost:8080/blog/Fileupload/volleyball8.jpg', 41, 20, '2021-04-07 10:33:35', '2021-04-07 10:33:35'),
(86, 'Đội bóng nợ cầu thủ 90 tỷ thua tan tành, HLV lý giải cho động thái khó hiểu', 'The Ohio Valley Conference has announced its regular season volleyball schedule for the 2020-21 season, which was postponed from the fall to the spring due to the uncertainty surrounding the COVID-19 pandemic.   The spring schedule will feature a 16-game conference only schedule which will be played over an eight-week period.   Games will be contested primarily on Sundays and Mondays with each school playing its travel partner twice, usually on a Tuesday or Wednesday.   The first conference matchup is scheduled to take place on either Tuesday/Wednesday, February 2/3 and will conclude games on Monday, March 29.   Details on the OVC Tournament will be announced at a later date.   The NCAA will announce the selections for a revised 48-team bracket on Sunday, April 4. This year’s field will include 32 automatic qualifiers and 16 at-large bids. The finals are scheduled for April 23-25   “I want to thank the Directors of Athletics for their thorough and thoughtful approach in developing plans to move the OVC’s fall', 'http://localhost:8080/blog/Fileupload/volleyball9.jpg', 41, 20, '2021-04-12 03:35:44', '2021-04-12 03:35:44'),
(87, 'Đội bóng nợ cầu thủ 90 tỷ thua tan tành, HLV lý giải cho động thái khó hiểu', 'The Ohio Valley Conference has announced its regular season volleyball schedule for the 2020-21 season, which was postponed from the fall to the spring due to the uncertainty surrounding the COVID-19 pandemic.   The spring schedule will feature a 16-game conference only schedule which will be played over an eight-week period.   Games will be contested primarily on Sundays and Mondays with each school playing its travel partner twice, usually on a Tuesday or Wednesday.   The first conference matchup is scheduled to take place on either Tuesday/Wednesday, February 2/3 and will conclude games on Monday, March 29.   Details on the OVC Tournament will be announced at a later date.   The NCAA will announce the selections for a revised 48-team bracket on Sunday, April 4. This year’s field will include 32 automatic qualifiers and 16 at-large bids. The finals are scheduled for April 23-25   “I want to thank the Directors of Athletics for their thorough and thoughtful approach in developing plans to move the OVC’s fall', 'http://localhost:8080/blog/Fileupload/volleyball10.jpg', 41, 20, '2021-04-12 03:34:56', '2021-04-12 03:34:56'),
(88, 'The following are the scheduled events of association football (soccer) for the year 2020 throughout the world.', 'Cristiano Ronaldo dos Santos Aveiro GOIH ComM (Portuguese pronunciation: [kɾiʃˈtjɐnu ʁɔˈnaɫdu]; born 5 February 1985) is a Portuguese professional footballer who plays as a forward for Serie A club Juventus and captains the Portugal national team. Often considered the best player in the world and widely regarded as one of the greatest players of all time, Ronaldo has won five Ballon d\'Or awards[note 3] and four European Golden Shoes, both of which are records for a European player. He has won 31 major trophies in his career, including seven league titles, five UEFA Champions Leagues, one UEFA European Championship, and one UEFA Nations League title. ', 'http://localhost:8080/blog/Fileupload/volleyball13.jpg', 41, 20, '2021-04-12 08:27:02', '2021-04-12 08:27:02'),
(89, 'The following are the scheduled events of association football (soccer) for the year 2020 throughout the world.', 'Cristiano Ronaldo dos Santos Aveiro GOIH ComM (Portuguese pronunciation: [kɾiʃˈtjɐnu ʁɔˈnaɫdu]; born 5 February 1985) is a Portuguese professional footballer who plays as a forward for Serie A club Juventus and captains the Portugal national team. Often considered the best player in the world and widely regarded as one of the greatest players of all time, Ronaldo has won five Ballon d\'Or awards[note 3] and four European Golden Shoes, both of which are records for a European player. He has won 31 major trophies in his career, including seven league titles, five UEFA Champions Leagues, one UEFA European Championship, and one UEFA Nations League title. ', 'http://localhost:8080/blog/Fileupload/volleyball14.jpg', 41, 20, '2021-04-12 08:27:33', '2021-04-12 08:27:33'),
(90, 'The following are the scheduled events of association football (soccer) for the year 2020 throughout the world.', 'Cristiano Ronaldo dos Santos Aveiro GOIH ComM (Portuguese pronunciation: [kɾiʃˈtjɐnu ʁɔˈnaɫdu]; born 5 February 1985) is a Portuguese professional footballer who plays as a forward for Serie A club Juventus and captains the Portugal national team. Often considered the best player in the world and widely regarded as one of the greatest players of all time, Ronaldo has won five Ballon d\'Or awards[note 3] and four European Golden Shoes, both of which are records for a European player. He has won 31 major trophies in his career, including seven league titles, five UEFA Champions Leagues, one UEFA European Championship, and one UEFA Nations League title. ', 'http://localhost:8080/blog/Fileupload/volleyball15.jpg', 41, 20, '2021-04-12 08:28:13', '2021-04-12 08:28:13'),
(91, 'The following are the scheduled events of association football (soccer) for the year 2020 throughout the world.', 'Cristiano Ronaldo dos Santos Aveiro GOIH ComM (Portuguese pronunciation: [kɾiʃˈtjɐnu ʁɔˈnaɫdu]; born 5 February 1985) is a Portuguese professional footballer who plays as a forward for Serie A club Juventus and captains the Portugal national team. Often considered the best player in the world and widely regarded as one of the greatest players of all time, Ronaldo has won five Ballon d\'Or awards[note 3] and four European Golden Shoes, both of which are records for a European player. He has won 31 major trophies in his career, including seven league titles, five UEFA Champions Leagues, one UEFA European Championship, and one UEFA Nations League title. ', 'http://localhost:8080/blog/Fileupload/volleyball16.jpg', 41, 20, '2021-04-12 08:28:40', '2021-04-12 08:28:40'),
(92, 'The following are the scheduled events of association football (soccer) for the year 2020 throughout the world.', 'Cristiano Ronaldo dos Santos Aveiro GOIH ComM (Portuguese pronunciation: [kɾiʃˈtjɐnu ʁɔˈnaɫdu]; born 5 February 1985) is a Portuguese professional footballer who plays as a forward for Serie A club Juventus and captains the Portugal national team. Often considered the best player in the world and widely regarded as one of the greatest players of all time, Ronaldo has won five Ballon d\'Or awards[note 3] and four European Golden Shoes, both of which are records for a European player. He has won 31 major trophies in his career, including seven league titles, five UEFA Champions Leagues, one UEFA European Championship, and one UEFA Nations League title. ', 'http://localhost:8080/blog/Fileupload/volleyball18.jpg', 41, 20, '2021-04-12 08:28:59', '2021-04-12 08:28:59'),
(93, 'The following are the scheduled events of association football (soccer) for the year 2020 throughout the world.', 'Cristiano Ronaldo dos Santos Aveiro GOIH ComM (Portuguese pronunciation: [kɾiʃˈtjɐnu ʁɔˈnaɫdu]; born 5 February 1985) is a Portuguese professional footballer who plays as a forward for Serie A club Juventus and captains the Portugal national team. Often considered the best player in the world and widely regarded as one of the greatest players of all time, Ronaldo has won five Ballon d\'Or awards[note 3] and four European Golden Shoes, both of which are records for a European player. He has won 31 major trophies in his career, including seven league titles, five UEFA Champions Leagues, one UEFA European Championship, and one UEFA Nations League title. ', 'http://localhost:8080/blog/Fileupload/football19.jpg', 41, 20, '2021-04-12 08:29:25', '2021-04-12 08:29:25'),
(94, 'The following are the scheduled events of association football (soccer) for the year 2020 throughout the world.', 'Cristiano Ronaldo dos Santos Aveiro GOIH ComM (Portuguese pronunciation: [kɾiʃˈtjɐnu ʁɔˈnaɫdu]; born 5 February 1985) is a Portuguese professional footballer who plays as a forward for Serie A club Juventus and captains the Portugal national team. Often considered the best player in the world and widely regarded as one of the greatest players of all time, Ronaldo has won five Ballon d\'Or awards[note 3] and four European Golden Shoes, both of which are records for a European player. He has won 31 major trophies in his career, including seven league titles, five UEFA Champions Leagues, one UEFA European Championship, and one UEFA Nations League title. ', 'http://localhost:8080/blog/Fileupload/football20.jpg', 41, 20, '2021-04-12 08:29:43', '2021-04-12 08:29:43'),
(95, 'The following are the scheduled events of association football (soccer) for the year 2020 throughout the world.', 'Cristiano Ronaldo dos Santos Aveiro GOIH ComM (Portuguese pronunciation: [kɾiʃˈtjɐnu ʁɔˈnaɫdu]; born 5 February 1985) is a Portuguese professional footballer who plays as a forward for Serie A club Juventus and captains the Portugal national team. Often considered the best player in the world and widely regarded as one of the greatest players of all time, Ronaldo has won five Ballon d\'Or awards[note 3] and four European Golden Shoes, both of which are records for a European player. He has won 31 major trophies in his career, including seven league titles, five UEFA Champions Leagues, one UEFA European Championship, and one UEFA Nations League title. ', 'http://localhost:8080/blog/Fileupload/football21.jpg', 41, 20, '2021-04-12 08:30:00', '2021-04-12 08:30:00'),
(96, 'The following are the scheduled events of association football (soccer) for the year 2020 throughout the world.', 'Cristiano Ronaldo dos Santos Aveiro GOIH ComM (Portuguese pronunciation: [kɾiʃˈtjɐnu ʁɔˈnaɫdu]; born 5 February 1985) is a Portuguese professional footballer who plays as a forward for Serie A club Juventus and captains the Portugal national team. Often considered the best player in the world and widely regarded as one of the greatest players of all time, Ronaldo has won five Ballon d\'Or awards[note 3] and four European Golden Shoes, both of which are records for a European player. He has won 31 major trophies in his career, including seven league titles, five UEFA Champions Leagues, one UEFA European Championship, and one UEFA Nations League title. ', 'http://localhost:8080/blog/Fileupload/football22.jpg', 41, 20, '2021-04-12 08:30:14', '2021-04-12 08:30:14'),
(97, 'The following are the scheduled events of association football (soccer) for the year 2020 throughout the world.', 'Cristiano Ronaldo dos Santos Aveiro GOIH ComM (Portuguese pronunciation: [kɾiʃˈtjɐnu ʁɔˈnaɫdu]; born 5 February 1985) is a Portuguese professional footballer who plays as a forward for Serie A club Juventus and captains the Portugal national team. Often considered the best player in the world and widely regarded as one of the greatest players of all time, Ronaldo has won five Ballon d\'Or awards[note 3] and four European Golden Shoes, both of which are records for a European player. He has won 31 major trophies in his career, including seven league titles, five UEFA Champions Leagues, one UEFA European Championship, and one UEFA Nations League title. ', 'http://localhost:8080/blog/Fileupload/football23.jpg', 41, 20, '2021-04-12 08:30:28', '2021-04-12 08:30:28'),
(98, 'The following are the scheduled events of association football (soccer) for the year 2020 throughout the world.', 'Cristiano Ronaldo dos Santos Aveiro GOIH ComM (Portuguese pronunciation: [kɾiʃˈtjɐnu ʁɔˈnaɫdu]; born 5 February 1985) is a Portuguese professional footballer who plays as a forward for Serie A club Juventus and captains the Portugal national team. Often considered the best player in the world and widely regarded as one of the greatest players of all time, Ronaldo has won five Ballon d\'Or awards[note 3] and four European Golden Shoes, both of which are records for a European player. He has won 31 major trophies in his career, including seven league titles, five UEFA Champions Leagues, one UEFA European Championship, and one UEFA Nations League title. ', 'http://localhost:8080/blog/Fileupload/football24.jpg', 41, 20, '2021-04-12 08:30:44', '2021-04-12 08:30:44');
INSERT INTO `posts` (`id`, `title`, `content`, `image`, `user_id`, `category_id`, `created_at`, `updated_at`) VALUES
(99, 'The following are the scheduled events of association football (soccer) for the year 2020 throughout the world.', 'Cristiano Ronaldo dos Santos Aveiro GOIH ComM (Portuguese pronunciation: [kɾiʃˈtjɐnu ʁɔˈnaɫdu]; born 5 February 1985) is a Portuguese professional footballer who plays as a forward for Serie A club Juventus and captains the Portugal national team. Often considered the best player in the world and widely regarded as one of the greatest players of all time, Ronaldo has won five Ballon d\'Or awards[note 3] and four European Golden Shoes, both of which are records for a European player. He has won 31 major trophies in his career, including seven league titles, five UEFA Champions Leagues, one UEFA European Championship, and one UEFA Nations League title. ', 'http://localhost:8080/blog/Fileupload/football25.jpg', 41, 20, '2021-04-12 08:30:58', '2021-04-12 08:30:58'),
(100, 'The following are the scheduled events of association football (soccer) for the year 2020 throughout the world.', 'Cristiano Ronaldo dos Santos Aveiro GOIH ComM (Portuguese pronunciation: [kɾiʃˈtjɐnu ʁɔˈnaɫdu]; born 5 February 1985) is a Portuguese professional footballer who plays as a forward for Serie A club Juventus and captains the Portugal national team. Often considered the best player in the world and widely regarded as one of the greatest players of all time, Ronaldo has won five Ballon d\'Or awards[note 3] and four European Golden Shoes, both of which are records for a European player. He has won 31 major trophies in his career, including seven league titles, five UEFA Champions Leagues, one UEFA European Championship, and one UEFA Nations League title. ', 'http://localhost:8080/blog/Fileupload/football26.jpg', 41, 20, '2021-04-12 08:31:13', '2021-04-12 08:31:13'),
(101, 'The following are the scheduled events of association football (soccer) for the year 2020 throughout the world.', 'Cristiano Ronaldo dos Santos Aveiro GOIH ComM (Portuguese pronunciation: [kɾiʃˈtjɐnu ʁɔˈnaɫdu]; born 5 February 1985) is a Portuguese professional footballer who plays as a forward for Serie A club Juventus and captains the Portugal national team. Often considered the best player in the world and widely regarded as one of the greatest players of all time, Ronaldo has won five Ballon d\'Or awards[note 3] and four European Golden Shoes, both of which are records for a European player. He has won 31 major trophies in his career, including seven league titles, five UEFA Champions Leagues, one UEFA European Championship, and one UEFA Nations League title. ', 'http://localhost:8080/blog/Fileupload/football27.jpg', 41, 20, '2021-04-12 08:31:26', '2021-04-12 08:31:26'),
(102, 'The following are the scheduled events of association football (soccer) for the year 2020 throughout the world.', 'Cristiano Ronaldo dos Santos Aveiro GOIH ComM (Portuguese pronunciation: [kɾiʃˈtjɐnu ʁɔˈnaɫdu]; born 5 February 1985) is a Portuguese professional footballer who plays as a forward for Serie A club Juventus and captains the Portugal national team. Often considered the best player in the world and widely regarded as one of the greatest players of all time, Ronaldo has won five Ballon d\'Or awards[note 3] and four European Golden Shoes, both of which are records for a European player. He has won 31 major trophies in his career, including seven league titles, five UEFA Champions Leagues, one UEFA European Championship, and one UEFA Nations League title. ', 'http://localhost:8080/blog/Fileupload/football28.jpg', 41, 20, '2021-04-12 08:31:39', '2021-04-12 08:31:39'),
(103, 'The following are the scheduled events of association football (soccer) for the year 2020 throughout the world.', 'Cristiano Ronaldo dos Santos Aveiro GOIH ComM (Portuguese pronunciation: [kɾiʃˈtjɐnu ʁɔˈnaɫdu]; born 5 February 1985) is a Portuguese professional footballer who plays as a forward for Serie A club Juventus and captains the Portugal national team. Often considered the best player in the world and widely regarded as one of the greatest players of all time, Ronaldo has won five Ballon d\'Or awards[note 3] and four European Golden Shoes, both of which are records for a European player. He has won 31 major trophies in his career, including seven league titles, five UEFA Champions Leagues, one UEFA European Championship, and one UEFA Nations League title. ', 'http://localhost:8080/blog/Fileupload/football29.jpg', 41, 20, '2021-04-12 08:31:54', '2021-04-12 08:31:54'),
(104, 'The following are the scheduled events of association football (soccer) for the year 2020 throughout the world.', 'Cristiano Ronaldo dos Santos Aveiro GOIH ComM (Portuguese pronunciation: [kɾiʃˈtjɐnu ʁɔˈnaɫdu]; born 5 February 1985) is a Portuguese professional footballer who plays as a forward for Serie A club Juventus and captains the Portugal national team. Often considered the best player in the world and widely regarded as one of the greatest players of all time, Ronaldo has won five Ballon d\'Or awards[note 3] and four European Golden Shoes, both of which are records for a European player. He has won 31 major trophies in his career, including seven league titles, five UEFA Champions Leagues, one UEFA European Championship, and one UEFA Nations League title. ', 'http://localhost:8080/blog/Fileupload/football30.jpg', 41, 20, '2021-04-12 08:32:09', '2021-04-12 08:32:09'),
(105, 'The following are the scheduled events of association football (soccer) for the year 2020 throughout the world.', 'Cristiano Ronaldo dos Santos Aveiro GOIH ComM (Portuguese pronunciation: [kɾiʃˈtjɐnu ʁɔˈnaɫdu]; born 5 February 1985) is a Portuguese professional footballer who plays as a forward for Serie A club Juventus and captains the Portugal national team. Often considered the best player in the world and widely regarded as one of the greatest players of all time, Ronaldo has won five Ballon d\'Or awards[note 3] and four European Golden Shoes, both of which are records for a European player. He has won 31 major trophies in his career, including seven league titles, five UEFA Champions Leagues, one UEFA European Championship, and one UEFA Nations League title. ', 'http://localhost:8080/blog/Fileupload/football31.jpg', 41, 20, '2021-04-12 08:32:25', '2021-04-12 08:32:25'),
(106, 'The following are the scheduled events of association football (soccer) for the year 2020 throughout the world.', 'Cristiano Ronaldo dos Santos Aveiro GOIH ComM (Portuguese pronunciation: [kɾiʃˈtjɐnu ʁɔˈnaɫdu]; born 5 February 1985) is a Portuguese professional footballer who plays as a forward for Serie A club Juventus and captains the Portugal national team. Often considered the best player in the world and widely regarded as one of the greatest players of all time, Ronaldo has won five Ballon d\'Or awards[note 3] and four European Golden Shoes, both of which are records for a European player. He has won 31 major trophies in his career, including seven league titles, five UEFA Champions Leagues, one UEFA European Championship, and one UEFA Nations League title. ', 'http://localhost:8080/blog/Fileupload/football32.jpg', 41, 20, '2021-04-12 08:32:41', '2021-04-12 08:32:41'),
(107, 'Keep up with the FIFA World Cup Qatar 2022™ in Arabic! From the latest news to in-depth team profiles.', 'Cristiano Ronaldo dos Santos Aveiro GOIH ComM (Portuguese pronunciation: [kɾiʃˈtjɐnu ʁɔˈnaɫdu]; born 5 February 1985) is a Portuguese professional footballer who plays as a forward for Serie A club Juventus and captains the Portugal national team. Often considered the best player in the world and widely regarded as one of the greatest players of all time, Ronaldo has won five Ballon d\'Or awards[note 3] and four European Golden Shoes, both of which are records for a European player. He has won 31 major trophies in his career, including seven league titles, five UEFA Champions Leagues, one UEFA European Championship, and one UEFA Nations League title. ', 'http://localhost:8080/blog/Fileupload/worldcup1.jpg', 41, 20, '2021-04-12 09:26:24', '2021-04-12 09:26:24'),
(108, 'Keep up with the FIFA World Cup Qatar 2022™ in Arabic! From the latest news to in-depth team profiles.', 'Cristiano Ronaldo dos Santos Aveiro GOIH ComM (Portuguese pronunciation: [kɾiʃˈtjɐnu ʁɔˈnaɫdu]; born 5 February 1985) is a Portuguese professional footballer who plays as a forward for Serie A club Juventus and captains the Portugal national team. Often considered the best player in the world and widely regarded as one of the greatest players of all time, Ronaldo has won five Ballon d\'Or awards[note 3] and four European Golden Shoes, both of which are records for a European player. He has won 31 major trophies in his career, including seven league titles, five UEFA Champions Leagues, one UEFA European Championship, and one UEFA Nations League title. ', 'http://localhost:8080/blog/Fileupload/worldcup3.jpg', 41, 20, '2021-04-12 09:26:50', '2021-04-12 09:26:50'),
(109, 'Keep up with the FIFA World Cup Qatar 2022™ in Arabic! From the latest news to in-depth team profiles.', 'Cristiano Ronaldo dos Santos Aveiro GOIH ComM (Portuguese pronunciation: [kɾiʃˈtjɐnu ʁɔˈnaɫdu]; born 5 February 1985) is a Portuguese professional footballer who plays as a forward for Serie A club Juventus and captains the Portugal national team. Often considered the best player in the world and widely regarded as one of the greatest players of all time, Ronaldo has won five Ballon d\'Or awards[note 3] and four European Golden Shoes, both of which are records for a European player. He has won 31 major trophies in his career, including seven league titles, five UEFA Champions Leagues, one UEFA European Championship, and one UEFA Nations League title. ', 'http://localhost:8080/blog/Fileupload/worldcup4.jpg', 41, 20, '2021-04-12 09:27:09', '2021-04-12 09:27:09'),
(110, 'Keep up with the FIFA World Cup Qatar 2022™ in Arabic! From the latest news to in-depth team profiles.', 'Cristiano Ronaldo dos Santos Aveiro GOIH ComM (Portuguese pronunciation: [kɾiʃˈtjɐnu ʁɔˈnaɫdu]; born 5 February 1985) is a Portuguese professional footballer who plays as a forward for Serie A club Juventus and captains the Portugal national team. Often considered the best player in the world and widely regarded as one of the greatest players of all time, Ronaldo has won five Ballon d\'Or awards[note 3] and four European Golden Shoes, both of which are records for a European player. He has won 31 major trophies in his career, including seven league titles, five UEFA Champions Leagues, one UEFA European Championship, and one UEFA Nations League title. ', 'http://localhost:8080/blog/Fileupload/worldcup5.jpg', 41, 20, '2021-04-12 09:27:27', '2021-04-12 09:27:27'),
(111, 'Keep up with the FIFA World Cup Qatar 2022™ in Arabic! From the latest news to in-depth team profiles.', 'Cristiano Ronaldo dos Santos Aveiro GOIH ComM (Portuguese pronunciation: [kɾiʃˈtjɐnu ʁɔˈnaɫdu]; born 5 February 1985) is a Portuguese professional footballer who plays as a forward for Serie A club Juventus and captains the Portugal national team. Often considered the best player in the world and widely regarded as one of the greatest players of all time, Ronaldo has won five Ballon d\'Or awards[note 3] and four European Golden Shoes, both of which are records for a European player. He has won 31 major trophies in his career, including seven league titles, five UEFA Champions Leagues, one UEFA European Championship, and one UEFA Nations League title. ', 'http://localhost:8080/blog/Fileupload/worldcup6.jpg', 41, 20, '2021-04-12 09:27:41', '2021-04-12 09:27:41'),
(112, 'Keep up with the FIFA World Cup Qatar 2022™ in Arabic! From the latest news to in-depth team profiles.', 'Cristiano Ronaldo dos Santos Aveiro GOIH ComM (Portuguese pronunciation: [kɾiʃˈtjɐnu ʁɔˈnaɫdu]; born 5 February 1985) is a Portuguese professional footballer who plays as a forward for Serie A club Juventus and captains the Portugal national team. Often considered the best player in the world and widely regarded as one of the greatest players of all time, Ronaldo has won five Ballon d\'Or awards[note 3] and four European Golden Shoes, both of which are records for a European player. He has won 31 major trophies in his career, including seven league titles, five UEFA Champions Leagues, one UEFA European Championship, and one UEFA Nations League title. ', 'http://localhost:8080/blog/Fileupload/worldcup7.jpg', 41, 20, '2021-04-12 09:27:55', '2021-04-12 09:27:55'),
(113, 'Keep up with the FIFA World Cup Qatar 2022™ in Arabic! From the latest news to in-depth team profiles.', 'Cristiano Ronaldo dos Santos Aveiro GOIH ComM (Portuguese pronunciation: [kɾiʃˈtjɐnu ʁɔˈnaɫdu]; born 5 February 1985) is a Portuguese professional footballer who plays as a forward for Serie A club Juventus and captains the Portugal national team. Often considered the best player in the world and widely regarded as one of the greatest players of all time, Ronaldo has won five Ballon d\'Or awards[note 3] and four European Golden Shoes, both of which are records for a European player. He has won 31 major trophies in his career, including seven league titles, five UEFA Champions Leagues, one UEFA European Championship, and one UEFA Nations League title. ', 'http://localhost:8080/blog/Fileupload/worldcup8.jpg', 41, 20, '2021-04-12 09:28:15', '2021-04-12 09:28:15'),
(114, 'Keep up with the FIFA World Cup Qatar 2022™ in Arabic! From the latest news to in-depth team profiles.', 'Cristiano Ronaldo dos Santos Aveiro GOIH ComM (Portuguese pronunciation: [kɾiʃˈtjɐnu ʁɔˈnaɫdu]; born 5 February 1985) is a Portuguese professional footballer who plays as a forward for Serie A club Juventus and captains the Portugal national team. Often considered the best player in the world and widely regarded as one of the greatest players of all time, Ronaldo has won five Ballon d\'Or awards[note 3] and four European Golden Shoes, both of which are records for a European player. He has won 31 major trophies in his career, including seven league titles, five UEFA Champions Leagues, one UEFA European Championship, and one UEFA Nations League title. ', 'http://localhost:8080/blog/Fileupload/worldcup9.jpg', 41, 20, '2021-04-12 09:28:35', '2021-04-12 09:28:35');

-- --------------------------------------------------------

--
-- Table structure for table `users`
--

CREATE TABLE `users` (
  `id` int(11) NOT NULL,
  `first_name` varchar(255) NOT NULL,
  `last_name` varchar(255) NOT NULL,
  `phone_number` varchar(255) NOT NULL,
  `email` varchar(255) NOT NULL,
  `avatar` text NOT NULL,
  `user_name` varchar(255) NOT NULL,
  `password` varchar(255) NOT NULL
) ENGINE=InnoDB DEFAULT CHARSET=utf8mb4;

--
-- Dumping data for table `users`
--

INSERT INTO `users` (`id`, `first_name`, `last_name`, `phone_number`, `email`, `avatar`, `user_name`, `password`) VALUES
(19, 'Be', 'Rain', '0987654321', 'username@gmail.com', 'http://localhost:8080/blog/Fileupload/user2.jpg', 'username', '4a7d1ed414474e4033ac29ccb8653d9b'),
(20, 'Khổng Minh', 'Tiên Sinh', '1234567890', 'khongminh@gmail.com', 'http://localhost:8080/blog/Fileupload/user4.jpg', '', ''),
(21, 'Trần', 'Cao Vân', '430', 'hanvu@gmail.com', 'http://localhost:8080/blog/Fileupload/user7.jpg', 'hanvu', '4a7d1ed414474e4033ac29ccb8653d9b'),
(40, 'Lữ Bố', 'Tam Quốc Diễn Nghĩa', '1900561275', 'lubo@gmail.com', 'http://localhost:8080/blog/Fileupload/user9.jpg', 'lubo', '4a7d1ed414474e4033ac29ccb8653d9b'),
(41, 'Hán Vũ', 'Mặt Đỏ Râu Dài', '18001898', 'giacatluong@gmail.com', 'http://localhost:8080/blog/Fileupload/user6.jpeg', 'giacatluong', '4a7d1ed414474e4033ac29ccb8653d9b'),
(42, 'Tô', 'Hiến Thành', '99', 'taothao@gmail.com', 'http://localhost:8080/blog/Fileupload/user3.jpg', 'taothao', '4a7d1ed414474e4033ac29ccb8653d9b');

--
-- Indexes for dumped tables
--

--
-- Indexes for table `categories`
--
ALTER TABLE `categories`
  ADD PRIMARY KEY (`id`);

--
-- Indexes for table `comments`
--
ALTER TABLE `comments`
  ADD PRIMARY KEY (`id`),
  ADD KEY `Test3` (`post_id`),
  ADD KEY `user_id` (`user_id`);

--
-- Indexes for table `posts`
--
ALTER TABLE `posts`
  ADD PRIMARY KEY (`id`),
  ADD KEY `test` (`user_id`),
  ADD KEY `relationship` (`category_id`);

--
-- Indexes for table `users`
--
ALTER TABLE `users`
  ADD PRIMARY KEY (`id`);

--
-- AUTO_INCREMENT for dumped tables
--

--
-- AUTO_INCREMENT for table `categories`
--
ALTER TABLE `categories`
  MODIFY `id` int(11) NOT NULL AUTO_INCREMENT, AUTO_INCREMENT=24;

--
-- AUTO_INCREMENT for table `comments`
--
ALTER TABLE `comments`
  MODIFY `id` int(11) NOT NULL AUTO_INCREMENT, AUTO_INCREMENT=192;

--
-- AUTO_INCREMENT for table `posts`
--
ALTER TABLE `posts`
  MODIFY `id` int(11) NOT NULL AUTO_INCREMENT, AUTO_INCREMENT=115;

--
-- AUTO_INCREMENT for table `users`
--
ALTER TABLE `users`
  MODIFY `id` int(11) NOT NULL AUTO_INCREMENT, AUTO_INCREMENT=43;

--
-- Constraints for dumped tables
--

--
-- Constraints for table `comments`
--
ALTER TABLE `comments`
  ADD CONSTRAINT `Test3` FOREIGN KEY (`post_id`) REFERENCES `posts` (`id`),
  ADD CONSTRAINT `comments_ibfk_1` FOREIGN KEY (`user_id`) REFERENCES `users` (`id`);

--
-- Constraints for table `posts`
--
ALTER TABLE `posts`
  ADD CONSTRAINT `relationship` FOREIGN KEY (`category_id`) REFERENCES `categories` (`id`),
  ADD CONSTRAINT `test` FOREIGN KEY (`user_id`) REFERENCES `users` (`id`);
COMMIT;

/*!40101 SET CHARACTER_SET_CLIENT=@OLD_CHARACTER_SET_CLIENT */;
/*!40101 SET CHARACTER_SET_RESULTS=@OLD_CHARACTER_SET_RESULTS */;
/*!40101 SET COLLATION_CONNECTION=@OLD_COLLATION_CONNECTION */;
